Madison County School District,http://www.madison-schools.com/
Tulsa Public Schools,http://www.tulsaschools.org/
Carrollton-Farmers Branch Independent School District,http://www.edlinesites.net/pages/CFBISD/
Mentor Exempted Village School District,http://www.mentorschools.net/
Alamo Heights Independent School District,http://www.ahisd.net/
Las Cruces Public Schools,http://lcps.k12.nm.us/
Lamar Consolidated Independent School District,http://www.lcisd.org/
Waterbury School District,http://www.waterbury.k12.ct.us/
Downingtown Area School District,http://www.dasd.org/
Lee&apos;s Summit R-VII School District,http://www.lsr7.org/
Lake Washington School District,http://www.lwsd.org/Pages/default.aspx
Niles Township Community High School District No. 219,https://www.niles-hs.k12.il.us/
School District of Haverford Township,http://www.haverford.k12.pa.us/
San Francisco Unified School District,http://www.sfusd.edu/
Frederick County Public Schools,http://www.fcps.org/
Jefferson Parish Public Schools,http://jpschools.org/
Fort Worth Independent School District,http://www.fwisd.org/pages/FWISD
William S. Hart Union High School District,http://www.hartdistrict.org/
Middletown City School District,https://www.middletowncityschools.org/
New Haven School District,http://www.nhps.net/schools
Chelmsford Public Schools,http://www.chelmsford.k12.ma.us/
Freeport Union Free School District,http://www.freeportschools.org/
Massapequa Union Free School District,https://www.msd.k12.ny.us/
Central York School District,http://www.cysd.k12.pa.us/
Santa Barbara Unified School District,http://www.sbunified.org/
Upper Arlington Schools,http://www.uaschools.org/
Washington Township Public Schools,http://wtps.org/
Spartanburg County School District No. 6,http://www.spartanburg6.k12.sc.us/
Dripping Springs Independent School District,http://www.dsisd.txed.net/
Hatboro-Horsham School District,http://www.hatboro-horsham.org/
Westerville City School District,http://www.wcsoh.org/
Baltimore County Public Schools,https://www.bcps.org/
Lenape Regional High School District,http://www.lrhsd.org/
Puyallup School District,http://www.puyallup.k12.wa.us/pages/Puyallup_School_District
Riverhead Central School District,http://www.riverhead.net/
Orleans Parish Public Schools,http://opsb.us/
Carroll Independent School District,http://www.southlakecarroll.edu/carroll
Houston County Schools,http://www.hcbe.net/
Richmond City Public Schools,http://web.richmond.k12.va.us/
Pattonville R-III School District,http://www.psdr3.org/
Charleston County School District,http://www.ccsdschools.com/
Mt. Diablo Unified School District,http://www.mdusd.org/
Leander Independent School District,http://www.leanderisd.org/
Murrieta Valley Unified School District,http://www.murrieta.k12.ca.us/
Indian Prairie Community Unit School District No. 204,http://www.ipsd.org/
Lincoln Way Community High School District No. 210,http://www.lw210.org/
Union Public Schools,http://www.unionps.org/
Washington County School District,https://www.washk12.org/
Boston Public Schools,http://www.bostonpublicschools.org/
Philadelphia City School District,http://www.phila.k12.pa.us/
Agua Fria Union High School District,https://www.aguafria.org/
Fayetteville School District,http://district.fayar.net/
Renton School District,https://www.rentonschools.us/
Framingham Public Schools,https://www.framingham.k12.ma.us/
New Albany-Plain Local School District,http://www.napls.us/
Auburn City Schools,http://www.auburnschools.org/
Brevard Public Schools,http://www.edline.net/pages/Brevard_County_Schools
Trumbull Public Schools,http://www.trumbullps.org/
Park City School District,http://www.pcschools.us/
Jefferson County Public Schools,https://www.jefferson.kyschools.us/
Buncombe County Schools,http://www.buncombe.k12.nc.us/
Osseo Public School District,http://www.district279.org/
Gaston County Schools,http://www.gaston.k12.nc.us/Domain/4
Braintree Public Schools,http://www.braintreeschools.org/
Kingsport City Schools,http://www.k12k.com/
Cumberland Valley School District,http://www.cvschools.org/
Port Washington Union Free School District,http://www.portnet.k12.ny.us/
Lindenhurst Union Free School District,http://www.lindenhurstschools.org/
McKinney Independent School District,http://www.mckinneyisd.net/
Wylie Independent School District (Wylie),http://www.wylieisd.net/
Durham Public Schools,http://www.dpsnc.net/
Mead School District,https://www.mead354.org/
Osceola County School District,http://www.osceolaschools.net/
Forest Hills Local School District,https://www.foresthills.edu/
Elmhurst School District No. 205,http://www.elmhurst205.org/
Chaffey Joint Union High School District,http://cjuhsd-ca.schoolloop.com/
Naperville Community Unit School District No. 203,http://www.naperville203.org/
Douglas County School District,http://dcsd.k12.nv.us
Taunton Public Schools,http://www.tauntonschools.org/
Little Rock School District,http://www.lrsd.org/
Seminole County Public Schools,http://www.scps.k12.fl.us/
Leominster Public Schools,http://www.leominster.mec.edu/
Clinton Public School District,http://www.clintonpublicschools.com/
Springfield R-XII School District,http://www.springfieldpublicschoolsmo.org/pages/SPSMO
Antelope Valley Union High School District,http://www.avdistrict.org/
Essex Westford School District,http://www.ewsd.org/
Albemarle County Public Schools,https://www2.k12albemarle.org/Pages/default.aspx
Salem-Keizer School District,http://www.salemkeizer.org/
Richland School District No. 1,http://www.richlandone.org/
Visalia Unified School District,http://www.vusd.org/
Compton Unified School District,http://www.compton.k12.ca.us/index.aspx
Springdale School District,http://springdaleschools.org/
Fremont Unified School District,http://www.fremont.k12.ca.us/
Park Hill School District,https://www.parkhill.k12.mo.us/
Edinburg Consolidated Independent School District,http://www.ecisd.us/
Cedar Rapids Community School District,http://www.cr.k12.ia.us/
Sumner County Schools,http://www.sumnerschools.org/
Racine Unified School District,http://www.rusd.org/
Bellevue School District,http://www.bsd405.org/
Lake Zurich Community Unit School District No. 95,http://www.lz95.org/
Westfield Public Schools,http://www.westfieldnjk12.org/pages/Westfield_Town_School_District
Revere Public Schools,http://www.revereps.mec.edu/
Minnetonka Public School District,http://www.minnetonkaschools.org
Stamford School District,https://www.stamfordpublicschools.org/
Milwaukee School District,http://mps.milwaukee.k12.wi.us/en/home.htm
Alameda City Unified School District,http://www.alameda.k12.ca.us/
Rankin County School District,http://www.rcsd.ms
Lexington-Richland School District No. 5,http://www.lexrich5.org/
Sarasota County Schools,http://www.sarasotacountyschools.net/
Conejo Valley Unified School District,http://www.conejousd.org/
Springfield Public Schools,http://www.springfieldpublicschools.com/
Blue Springs R-IV School District,http://www.bssd.net/
Waterford School District,http://www.waterford.k12.mi.us/
Mesquite Independent School District,http://www.mesquiteisd.org/home/
Houston Independent School District,http://www.houstonisd.org/
Corona-Norco Unified School District,http://www.cnusd.k12.ca.us/
Jenks Public Schools,http://www.jenksps.org/
Amarillo Independent School District,http://www.amaisd.org/
Morris School District,http://www.morrisschooldistrict.org/
Minneapolis Public School District,http://www.mpls.k12.mn.us/
Mobile County Schools,http://www.mcpss.com/
Boerne Independent School District,http://www.boerne-isd.net/
Kent School District,http://www.kent.k12.wa.us/
Scotch Plains-Fanwood School District,http://www.spfk12.org/
Wake County Schools,http://www.wcpss.net/site/default.aspx?PageID=1
San Diego Unified School District,https://www.sandiegounified.org/
Pflugerville Independent School District,http://www.pfisd.net/
Columbus City School District,http://www.ccsoh.us/
Anchorage School District,http://www.asdk12.org/
Birmingham City Schools,http://www.bhamcityschools.org/
Bridgewater-Raynham Regional School District,http://www.bridge-rayn.org/
Colorado Springs School District No. 11,http://www.d11.org/Pages/default.aspx
Southington School District,http://www.southingtonschools.org/
Ridgewood Public Schools,http://www.ridgewood.k12.nj.us/
Southfield Public School District,http://www.southfieldk12.org/
Denton Independent School District,http://www.dentonisd.org/
Batavia Public School District 101,https://www.bps101.net/
St. Johns County School District,http://www.stjohns.k12.fl.us/
Greenville Independent School District,http://www.greenvilleisd.com/site/default.aspx?PageID=1
Lowell Public Schools,https://www.lowell.k12.ma.us/
Jackson Local School District,http://www.jackson.stark.k12.oh.us/
St Vrain Valley Shool District,http://www.svvsd.org/
Arcadia Unified School District,http://site.ausd.net/
Kirkwood School District,http://www.kirkwoodschools.org/pages/Kirkwood_School_District
Lawrence Public Schools,https://www.lawrence.k12.ma.us/
Kerrville Independent School District,http://www.kerrvilleisd.net/
St. Tammany Parish Public Schools,http://www.stpsb.org/
Rapides Parish Public Schools,http://www.rpsb.us/
Monroe-Woodbury Central School District,http://www.mw.k12.ny.us/
Lake Elsinore Unified School District,http://www.leusd.k12.ca.us/
Federal Way Public Schools,http://www.fwps.org/
Hartland Consolidated Schools,http://www.hartlandschools.us/
East Penn School District,http://www.eastpennsd.org/
Rockwood R-VI School District,http://www.rsdmo.org/Pages/default.aspx
Baltimore City Public Schools,http://www.baltimorecityschools.org/site/default.aspx
Broward County Public Schools,http://www.browardschools.com/Home
South-Western City School District,http://www.swcsd.us/
Clayton County Schools,http://www.clayton.k12.ga.us/
Auburn Washburn Unified School District,http://usd437.net/
Wayzata Public School District,http://www.wayzata.k12.mn.us/
Omaha Public Schools,http://district.ops.org/
District of Columbia Public Schools,http://dcps.dc.gov/
Newburgh City School District,https://www.newburghschools.org/
International Leadership of Texas (Ilt),http://www.iltexasdistrict.org/
Piscataway Township Schools,http://www.piscatawayschools.org/
Des Moines Independent Community School District,http://www.dmschools.org/
Schertz-Cibolo-Universal City Independent School District,http://www.scuc.txed.net/
Muskego-Norway School District,http://www.muskegonorway.org/
Wachusett Public Schools,http://www.wrsd.net/
Anne Arundel County Public Schools,http://www.aacps.org/
Walled Lake Consolidated Schools,https://www.wlcsd.org/
Shrewsbury Public Schools,http://schools.shrewsburyma.gov/
Rush-Henrietta Central School District,https://www.rhnet.org/
Shelton School District,http://www.sheltonpublicschools.org/
Sycamore Community School District,http://www.sycamoreschools.org/
Long Beach Unified School District,http://www.lbusd.k12.ca.us/
College Station Independent School District,http://www.csisd.org/
Irvine Unified School District,https://www.iusd.org/
South Washington County School District,http://www.sowashco.org/
St. Charles Community Unit School District No. 303,http://district.d303.org/
Community High School District No. 99,http://www.csd99.org/
Syracuse City School District,http://www.syracusecityschools.com/
Community High School District No. 155,http://ww3.d155.org/Pages/default.aspx
Fayette County Public Schools,http://www.fcboe.org/
Alpine School District,http://alpineschools.org/
East Side Union High School District,http://www.esuhsd.org/
Jackson Township School District,http://www.jacksonsd.org/
Kanawha County Schools,https://kcs.kana.k12.wv.us/
Burbank Unified School District,http://www.burbankusd.org/
Norman Public Schools,http://www.norman.k12.ok.us/
Hall County Schools,http://www.hallco.org/boe/site/
Montgomery County Public Schools,http://www.montgomeryschoolsmd.org/
Clarkston Community School District,https://www.clarkston.k12.mi.us/
Township High School District No. 214,http://www.d214.org/
Mamaroneck Union Free School District,http://www.mamkschools.org/
Bossier Parish Public Schools,http://www.bossierschools.org/
Saratoga Springs City School District,http://www.saratogaschools.org/
Levittown Union Free School District,http://www.levittownschools.com/
Orange County Public Schools,https://www.ocps.net/Pages/default.aspx
Lindbergh Schools School District,http://go.lindberghschools.ws/
Onslow County Schools,http://www.onslowcounty.schoolinsites.com/
Methacton School District,http://www.methacton.org/
Portland Public Schools,http://www.portlandschools.org/
Beavercreek City School District,http://www.beavercreek.k12.oh.us/
Grossmont Union High School District,http://cte.guhsd.net/
Glendale Unified School District,http://www.gusd.net/
Rockford School District No. 205,https://www3.rps205.com/Pages/default.aspx
Culver City Unified School District,http://www.ccusd.org/
St. Paul Public School District,http://www.spps.org/
Glenbard Township High School District No. 87,http://www.glenbard87.org/
Davis School District,http://www.davis.k12.ut.us/
York County School Division,http://yorkcountyschools.org/
La Joya Independent School District,http://www.lajoyaisd.com/
Dalton City Schools,http://www.daltonpublicschools.com/
Lancaster Central School District,http://www.lancasterschools.org/
Warren Consolidated Schools,http://www.wcs.k12.mi.us/
Parkway C-II School District,http://www.edline.net/pages/ParkwayC2
Stockton Unified School District,http://www.stocktonusd.net/
Moore Public Schools,http://www.mooreschools.com/
South Colonie Central School District,http://southcolonieschools.org/
Meriden School District,http://www.meridenk12.org/
Derby Unified School District,http://derbyschools.com/
Buffalo City School District,http://www.buffaloschools.org/
Plainfield School District No. 202,http://www.psd202.org/pages/PlainfieldSD202
Pajaro Valley Unified School District,http://www.pvusd.net/
Everett School District,https://www.everettsd.org/
Boise Independent School District,http://www.boiseschools.org/
Hernando County School District,http://www.hcsb.k12.fl.us/
Northwest Allen County Schools,http://www.nacs.k12.in.us/
Brighton Area Schools,https://www.brightonk12.com/
Torrance Unified School District,http://www.tusd.org/
Los Alamitos Unified School District,http://www.losalusd.k12.ca.us/
Aledo Independent School District,http://aledo.schoolfusion.us/?sessionid=0127d4c74348efce570b4c702e4a18a0&t
Baldwinsville Central School District,http://www.bville.org/
Elmira City School District,http://www.elmiracityschools.com/
Adams 12 Five Star Schools,https://www.adams12.org/
Community Unit School District No. 200,http://www.cusd200.org/
Plymouth-Canton Community Schools,http://www.pccsk12.com/
Warsaw Community Schools,http://www.warsaw.k12.in.us/
Oakland Unified School District,http://www.ousd.org/
Union County Public Schools,http://www.ucps.k12.nc.us/
Anaheim Union High School District,http://new.auhsd.us/district/
Manchester School District,http://www.mansd.org/
East Brunswick Public Schools,http://www.ebnet.org/
Quincy Public Schools,http://quincypublicschools.com/
Ankeny Community School District,http://www.ankenyschools.org/
Oklahoma City Public Schools,http://www.okcps.org/
Middle Country Central School District,https://www.mccsd.net/
Carrollton City Schools,http://www.carrolltoncityschools.net/
Fremont Union High School District,http://www.fuhsd.org/
Georgetown Independent School District,http://www.georgetownisd.org/
Freehold Regional High School District,http://www.frhsd.com/
Frontier Central School District,http://www.frontier.wnyric.org/
Cypress-Fairbanks Independent School District,http://www.cfisd.net/en/
Lake Travis Independent School District,http://www.ltisdschools.org/
Great Neck Public Schools,https://www.greatneck.k12.ny.us/
Puerto Rico Department of Education,http://www.de.gobierno.pr/
Norwin School District,http://www.norwinsd.org/
Mount Vernon City School District,https://www.mtvernoncsd.org/
Shenendehowa Central School District,http://www.shenet.org/
East Baton Rouge Parish Public Schools,http://www.ebrschools.org/
Metropolitan School District of Washington Township,http://www.msdwt.k12.in.us/
Plainfield Community School Corporation,http://www.plainfield.k12.in.us/
Tempe Union High School District,https://www.tempeunion.org/
West Ottawa Public School District,http://www.westottawa.net/
Newton Public Schools,http://www.newton.k12.ma.us/
Goose Creek Consolidated Independent School District,http://www.gccisd.net/
Novi Community School District,http://www.novi.k12.mi.us/
Mesa County Valley School District No. 51,https://www.mesa.k12.co.us/
Mason City School District,http://www.masonohioschools.com/
Green Bay Area Public School District,http://www.gbaps.org/
Wilson School District,http://www.wilsonsd.org/Domain/1
Woonsocket Public Schools,http://woonsocket.schooldesk.net/
Gahanna-Jefferson Public Schools,http://www.gahannaschools.org/Default.aspx
Grosse Pointe Public Schools,http://gpschools.schoolwires.net/
Charlotte-Mecklenburg Schools,http://www.cms.k12.nc.us/Pages/default.aspx
East Meadow Union Free School District,http://www.eastmeadow.k12.ny.us/
Pinellas County Schools,http://www.pcsb.org/
Pittsburgh Public Schools,http://www.pps.k12.pa.us/
Lee County Public Schools,http://www.leeschools.net/
Bernards Township School District,http://www.bernardsboe.com/
Consolidated High School District No. 230,http://d230.org/
Linn-Mar Community School District,https://www.linnmar.k12.ia.us/
Vancouver School District,http://vansd.org/
Darien School District,http://www.darienps.org/
New Bedford Public Schools,http://www.newbedfordschools.org/
Wasatch County School District,http://www.wasatch.edu/
Cedar Falls Community School District,http://www.cfschools.org/
Katy Independent School District,http://www.katyisd.org/Pages/default.aspx
Lubbock-Cooper Independent School District,http://www.lcisd.net/
Northshore School District,http://wwwnew.nsd.org/
Sacramento City Unified School District,http://www.scusd.edu/
Kingston City School District,https://www.kingstoncityschools.org/
Spartanburg School District Seven,http://spartanburg7.org/
Central Islip Union Free School District,http://www.centralislip.k12.ny.us/
Allen Independent School District,http://www.allenisd.org/
West Hartford School District,http://www.whps.org/
North Penn School District,http://www.npenn.org/
Dublin City School District,http://www.dublinschools.net/
Fayette County Public Schools,http://www.fcps.net/
Elmbrook School District,http://www.elmbrookschools.org/
Kenosha School District,http://www.kusd.edu/
Cheyenne Mountain School District No. 12,http://www.cmsd.k12.co.us/
Connetquot Central School District,http://www.ccsdli.org/
Detroit Public Schools,http://detroitk12.org/
Westford Public Schools,http://westfordk12.us/pages/index
Palo Alto Unified School District,http://www.pausd.org/
White Bear Lake School District,http://www.whitebear.k12.mn.us/
Coventry Public Schools,http://www.coventryschools.net/
Maize Unified School District,http://www.usd266.com/education/district/district.php?sectionid=1
Collier County Public Schools,http://www.collierschools.com/site/default.aspx?PageID=1
Roseville Joint Union High School District,http://www.rjuhsd.com/
Dekalb County Schools,http://www.dekalb.k12.ga.us/
Elk Grove Unified School District,http://www.egusd.net/
Evergreen Public Schools,http://www.evergreenps.org/
Westfield-Washington Schools,http://www.wws.k12.in.us/
Hamden School District,http://www.hamden.org/
Klein Independent School District,http://www.kleinisd.net/
Rochester Community School District,https://www.rochester.k12.mi.us/
Deer Park Independent School District,http://www.dpisd.org/
Tustin Unified School District,http://www.tustin.k12.ca.us/
Virginia Beach City Public Schools,http://www.vbschools.com/
Three Village Central School District,http://www.threevillagecsd.org/
Cobb County Schools,http://www.cobbk12.org/
Epic Charter Schools,http://epiccharterschools.org/
San Marcos Unified School District,http://www.smusd.org/
Franklin Public Schools,http://franklindistrict.vt-s.net/Pages/index
Bentonville Public Schools,http://www.edline.net/pages/Bentonville_School_District
ABC Unified School District,http://www.abcusd.k12.ca.us/pages/ABC_Unified_School_District
Crown Point Community School Corporation,http://www.cps.k12.in.us/
Noblesville Schools,http://www.noblesvilleschools.org/
New York City Geographic District No. 16,http://schools.nyc.gov/
New Hanover County Schools,http://www.nhcs.net/
Fairfield-Suisun Unified School District,http://www.fsusd.org/
Riverside Unified School District,http://www.rusdlink.org/
Everett Public Schools,http://www.everettpublicschools.org/
Milford Exempted Village School District,http://www.milfordschools.org/
Warwick Public Schools,https://www.warwickschools.org/
Horry County Schools,http://www.horrycountyschools.net/pages/Horry_County_Schools
Orange Unified School District,http://www.orangeusd.k12.ca.us/
East Providence School District,http://www.epschoolsri.com/
Peabody Public Schools,https://peabody.k12.ma.us/
Garland Independent School District,http://www.garlandisd.net/
Austin Independent School District,https://www.austinisd.org/
Iredell-Statesville Schools,http://www.iss.k12.nc.us/
St. Cloud Public School District,https://www.isd742.org/
Westport School District,https://www.westport.k12.ct.us/
Beaverton School District,https://www.beaverton.k12.or.us/
Metropolitan School District of Lawrence Township,http://www.ltschools.org
Longwood Central School District,http://www.longwood.k12.ny.us/
Worthington City School District,http://www.worthington.k12.oh.us/
West Seneca Central School District,https://www.wscschools.org/
Binghamton City School District,http://binghamtonschools.org
Avon Community School Corporation,http://www.avon-schools.org/
Ithaca City School District,http://www.ithacacityschools.org/
Aiken County Public Schools,http://acps.schoolfusion.us/
Muscogee County Schools,https://www.muscogee.k12.ga.us/Pages/MCSDHome.aspx
Manhattan Beach Unified School District,http://www.mbusd.org/
Copiague Union Free School District,http://www.copiague.k12.ny.us/
Chicopee Public Schools,http://www.chicopeeps.org/
Oceanside Union Free School District,http://www.oceansideschools.org/
Pennsbury School District,http://www.pennsbury.k12.pa.us/pennsbury/
Hudsonville Public School District,http://www.hudsonvillepublicschools.org/
Edwardsville Community Unit School District No. 7,http://www.ecusd7.org/
Alexandria City Public Schools,http://www.acps.k12.va.us/
Enfield School District,http://www.enfieldschools.org/
Johnston County Schools,http://www.johnston.k12.nc.us/
Patchogue-Medford Union Free School District,https://www.pmschools.org/
Kentwood Public Schools,https://www.kentwoodps.org/
South Pasadena Unified School District,http://www.spusd.net/
Lincoln Public Schools,http://www.lps.org/
Bloomfield Hills Schools,http://www.bloomfield.org/
Livonia Public Schools School District,https://www.livoniapublicschools.org/
Westbury Union Free School District,http://www.westburyschools.org/pages/WestburyPS
Jersey City Public Schools,http://www.jcboe.org/boe2015/
Cumberland County Schools,http://ccs.k12.nc.us/
Zionsville Community Schools,http://www.zcs.k12.in.us/
Schenectady City School District,http://www.schenectady.k12.ny.us/
Millburn Township Schools,http://www.millburn.org/pages/Millburn_Township_PS
Mounds View Public School District,http://www.moundsviewschools.org/
Catalina Foothills Unified School District,http://www.cfsd16.org/
Farmington Public School District,https://www.farmington.k12.mi.us/
Tahoma School District,http://www.tahomasd.us/pages/Tahoma_School_District_409
San Ramon Valley Unified School District,http://www.srvusd.net/
Issaquah School District,http://www.issaquah.wednet.edu/
Geneva Community Unit School District No. 304,http://www.geneva304.org/
Olentangy Local School District,http://www.olentangy.k12.oh.us/
Claremont Unified School District,http://www.cusd.claremont.edu/
Sequoia Union High School District,http://www.seq.org/
St. Louis City School District,http://www.slps.org/
Ann Arbor Public Schools,http://www.a2schools.org/
Moorpark Unified School District,http://www.mrpk.org/
Forest Hills Public Schools,http://www.fhps.net/
Rochester Public School District,http://www.rochester.k12.mn.us/
Saddleback Valley Unified School District,http://svusd.org/
Columbia County Schools,http://www.ccboe.net/pages/Columbia_County
Williamsville Central School District,http://www.williamsvillek12.org/
Plymouth Public Schools,http://www.plymouth.k12.ma.us/
Clark County School District,http://ccsd.net/
Sewanhaka Central High School District,https://www.sewanhakaschools.org/
Dublin Unified School District,http://www.dublin.k12.ca.us/
William Floyd Union Free School District,http://www.wfsd.k12.ny.us/
Hopkins Public Schools,https://www.hopkinsschools.org
Township High School District No. 211,http://adc.d211.org/
Penn-Harris-Madison School Corporation,https://www.phmschools.org/
North Colonie Central School District,http://www.northcolonie.org/
Hamilton County School District,http://www.hcde.org/
Belton Independent School District,http://www.bisd.net/
Edina Public School District,http://edinaschools.org/
Birdville Independent School District,http://www.birdvilleschools.net/bisd
Stratford School District,http://www.stratfordk12.org/
Midway Independent School District,http://www.midwayisd.org/
West Contra Costa Unified School District,http://www.wccusd.net/
Oconee County Schools,http://www.oconeeschools.org/
Tredyffrin-Easttown School District,http://www.tesd.net//
Arlington Public Schools,http://apsva.us/
Mt. Lebanon School District,http://www.mtlsd.org/
Berkeley County School District,http://www.bcsdschools.net/
Harford County Public Schools,https://www.hcps.org/
Henrico County Public Schools,http://henricoschools.us/
Pawtucket School District,http://pawtucket.schooldesk.net/
Tacoma School District,http://www.tacomaschools.org/Pages/default.aspx
Westfield Public Schools,http://www.schoolsofwestfield.org/
The Newark Public Schools,http://www.nps.k12.nj.us/
Desert Sands Unified School District,https://www.dsusd.us/
Pearland Independent School District,http://www.pearlandisd.org/
Lakewood City School District,http://www.lakewoodcityschools.org/
Birmingham Public Schools,http://www.birmingham.k12.mi.us/
Roseville Public School District,https://www.isd623.org/
Prosper Independent School District,http://www.prosper-isd.net/
Wayne-Westland Community School District,https://wwcsd.net/
Fulton County Schools,http://www.fultonschools.org/en
San Dieguito Union High School District,http://www.sduhsd.net/
Mukilteo School District,http://www.mukilteo.wednet.edu/pages/MukilteoSD
DeSoto County School District,http://www.desotocountyschools.org/
Aldine Independent School District,http://www.aldineisd.org/
Pleasanton Unified School District,http://www.pleasantonusd.net/
Alief Independent School District,http://www.aliefisd.net/AliefISD
Wentzville R-IV School District,https://www.wentzville.k12.mo.us
Henry County Schools,http://schoolwires.henry.k12.ga.us/
Hillsborough Township Public School District,http://www.htps.us/
Ysleta Independent School District,http://www.yisd.net/
Bristol School District,https://www.bristol.k12.ct.us/
Pomona Unified School District,http://www.edlinesites.net/pages/PUSD
Friendswood Independent School District,http://myfisd.com/
Corpus Christi Independent School District,http://ccisd.us/
Barbers Hill Independent School District,http://www.bhisd.net/
Rochester City School District,http://www.rcsdk12.org/
Toledo City School District,http://www.tps.org/
Albany City School District,http://www.albanyschools.org/
Jefferson County Schools,http://www.jefcoed.com/district
Richland School District No. 2,https://www.richland2.org/Pages/default.aspx
Centerville City School District,https://www.centerville.k12.oh.us/
DeSoto Unified School District,http://www.usd232.org/pages/DeSotoUSD232
Manchester School District,http://publicschools.manchesterct.gov/
Washington County Public Schools,http://wcpsmd.com/
Littleton Public Schools,http://www.littletonpublicschools.net/
Los Angeles Unified School District,http://www.lausd.net/
Carmel Clay Schools,http://www1.ccs.k12.in.us/district/home
Edmonds School District,http://www.edmonds.wednet.edu/
Anoka-Hennepin Public School District,http://www.anoka.k12.mn.us/
Santa Monica-Malibu Unified School District,http://www.smmusd.org/
Paterson Public Schools,http://www.paterson.k12.nj.us/
San Bernardino City Unified School District,http://sbcusd.com/
Placentia-Yorba Linda Unified School District,http://www.pylusd.org/
Old Bridge Township School District,http://www.oldbridgeadmin.org/
Eden Prairie Public School District,http://www.edenpr.org/
Ector County Independent School District,http://www.ectorcountyisd.org/
McCracken County Public Schools,http://www.mccracken.kyschools.us/Default.aspx
Robbinsdale Public School District,http://www.rdale.org/
Redondo Beach Unified School District,http://www.rbusd.org/
Shawnee Mission School District,http://www.smsd.org/default.aspx
Mansfield Independent School District,http://www.mansfieldisd.org/
Galena Park Independent School District,http://www.galenaparkisd.com/
Norwalk School District,https://norwalkps.org/
Calvert County Public Schools,http://www.calvertnet.k12.md.us/
Clear Creek Independent School District,https://www.ccisd.net/
Conroe Independent School District,http://conroeisd.net/
Rockwall Independent School District,http://www.rockwallisd.com/
Oswego Community Unit School District No. 308,https://www.sd308.org/
Frenship Independent School District,http://www.frenship.us/
Madison Metropolitan School District,https://www.madison.k12.wi.us/
Hillsborough County Public Schools,http://www.sdhc.k12.fl.us/
Gardner Edgerton Unified School District,http://www.usd231.com/
Andover Unified School District,http://www.usd385.org/
Livingston Parish Public Schools,http://www.lpsb.org/
West Linn-Wilsonville School District,http://www.wlwv.k12.or.us/
Montgomery County Schools,http://www.mps.k12.al.us/
Dysart Unified School District,https://www.dysart.org/MainSite/
Ascension Parish Public Schools,http://www.apsb.org/
Clarksville-Montgomery County School System,https://www.cmcss.net/
Fairport Central School District,https://fairport.org/
East Hartford School District,http://www.easthartford.org/
Glendora Unified School District,http://www.glendora.k12.ca.us/
Knox County Schools,http://knoxschools.org/
Coppell Independent School District,http://www.coppellisd.com/
Bibb County Schools,http://www.bcsdk12.net/
Pasadena Independent School District,http://www1.pasadenaisd.org/
Newport News City Public Schools,http://www.nnschools.org/
Hacienda La Puente Unified School District,http://www.hlpschools.org/
Tomball Independent School District,http://www.tomballisd.net/
Chapel Hill-Carrboro City Schools,http://www.chccs.k12.nc.us/
Pickerington Local School District,http://www.pickerington.k12.oh.us/
Clay County School District,http://www.oneclay.net/
Cabarrus County Schools,http://www.cabarrus.k12.nc.us/
Hicksville Union Free School District,https://www.hicksvillepublicschools.org/
Chicago Public Schools,http://cps.edu/
Millard Public Schools,http://www.mpsomaha.org/
Hartford School District,http://www.hartfordschools.org/
Haverhill Public Schools,http://www.haverhill-ps.org/
Colonial School District,https://www.colonialsd.org/
Camas School District,http://www.camas.wednet.edu/
Baldwin County Schools,http://www.bcbe.org/
Fort Bend Independent School District,http://www.fortbendisd.com/
Lodi Unified School District,http://www.lodiusd.net/
Boone County Public Schools,http://www.boone.kyschools.us/
Maine Township High School District No. 207,http://www.maine207.org/
Southwest Allen County Schools,http://www.sacs.k12.in.us/
Cherry Hill Public Schools,https://www.chclc.org/
Milford School District,http://www.milforded.org/
Eastern Carver County Public Schools,http://www.district112.org/
Sioux Falls School District,http://www.sf.k12.sd.us/
Kenmore-Tonawanda Union Free School District,http://www.ktufsd.org/
Public Schools of Robeson County,http://www.robeson.k12.nc.us/
Lewiston School Department,http://www.lewistonpublicschools.org/
Hampton City Public Schools,http://www.hampton.k12.va.us/
Forsyth County Schools,http://wsfcs.k12.nc.us/
Shoreline School District,http://www.shorelineschools.org/
Aurora Joint School District No. 28,http://aurorak12.org/
Fort Wayne Community Schools,http://www.fortwayneschools.org/
Texas City Independent School District,https://www.tcisd.org
School District U-46,http://www.edline.net/pages/SDU46
Oceanside Unified School District,http://www.oside.k12.ca.us/
Waukee Community School District,http://www.waukeeschools.org/
Fairfield School District,http://fairfieldschools.org/
Peoria Unified School District,http://www.peoriaunified.org/
Acton-Boxborough Regional School District,http://www.abschools.org/
Hempfield School District,http://www.hempfieldsd.org/
Amphitheater Unified School District,http://www.amphi.com/
Columbia School District,http://www.cpsk12.org/
Methuen Public Schools,http://www.methuen.k12.ma.us/
Pharr-San Juan-Alamo Independent School District,http://www.psjaisd.us/
Needham Public Schools,http://www.needham.k12.ma.us/
Forsyth County Schools,http://www.forsyth.k12.ga.us/
Natick Public Schools,http://www.natickps.org/
Santa Rosa County School District,https://www.santarosa.k12.fl.us/
Barnstable Public Schools,http://www.barnstable.k12.ma.us/
Lakeville Public School District,http://isd194.org/
Bay Shore Union Free School District,http://www.bayshore.k12.ny.us/district.cfm
Rogers School District,http://rogersschools.net/
Fall River Public Schools,http://www.fallriverschools.org/
Weymouth Public Schools,http://www.weymouth.ma.us/weymouth-public-schools
Kern Union High School District,http://home.kernhigh.org/
Bridgewater-Raritan Regional School District,http://www.brrsd.k12.nj.us/
Madison City Schools,http://www.madisoncity.k12.al.us/
Webster Central School District,http://www.websterschools.org/
Acalanes Union High School District,http://www.acalanes.k12.ca.us/
Rosemount-Apple Valley-Eagan Independent School District No. 196,http://www.district196.org/
Newport-Mesa Unified School District,http://web.nmusd.us/
Syosset Central School District,http://www.syossetschools.org/
Harnett County Schools,http://www.harnett.k12.nc.us/
Brockton Public Schools,https://www.brocktonpublicschools.com/
Academy School District No. 20,https://www.asd20.org/Pages/default.aspx
Clarkstown Central School District,http://www.ccsd.edu/
Spring Independent School District,http://www.springisd.org/
Elizabeth Public Schools,http://www.epsnj.org/pages/Elizabeth_Public_Schools
Monroe Township School District,http://www.monroe.k12.nj.us/
Hesperia Unified School District,http://hesperiausd.org/
State College Area School District,http://www.scasd.org/
Perrysburg Schools,http://www.perrysburgschools.net/
Midland Independent School District,http://midlandisd.net/
Dallas Independent School District,http://www.dallasisd.org/
Cleveland Municipal School District,http://www.clevelandmetroschools.org/
Round Rock Independent School District,https://roundrockisd.org/
Pine Bush Central School District,http://www.pinebushschools.org/pages/Pine_Bush_CSD
Gwinnett County Public Schools,http://publish.gwinnett.k12.ga.us/gcps/home/public
Seneca Valley School District,http://www.svsd.net/
Nebo School District,http://www.nebo.edu/
Bellingham School District,http://bellinghamschools.org/
Barrington Community Unit School District No. 220,https://www.barrington220.org/
Kettering City School District,http://www.ketteringschools.org/
Montgomery Independent School District,http://www.misd.org/
Francis Howell School District,http://www.fhsdschools.org/
Billerica Public Schools,http://www.billericak12.com/
Huntington Beach Union High School District,http://www.hbuhsd.edu/
Dorchester School District No. 2,http://www.edlinesites.net/pages/Dorchester_County_SD
Owen J. Roberts School District,http://www.ojrsd.com/
Hilliard City School District,http://www.hilliardschools.org/
East Ramapo Central School District,http://www.ercsd.org/pages/East_Ramapo_CSD
Vista Unified School District,http://www.vistausd.org/
Capistrano Unified School District,http://capousd.ca.schoolloop.com/
Wichita Unified School District,http://www.usd259.com/
Utica Community Schools,http://www.uticak12.org/
Manatee County School District,http://www.manateeschools.net/pages/SDMC
Caddo Parish Public Schools,http://www.caddoschools.org/
Volusia County Schools,http://myvolusiaschools.org/Pages/default.aspx
Middleton-Cross Plains Area School District,http://www.mcpasd.k12.wi.us/
Decatur City Schools,http://www.csdecatur.net/
South Orange-Maplewood School District,http://www.somsd.k12.nj.us/
Pitt County Schools,http://www.pitt.k12.nc.us/
Reynoldsburg City School District,http://www.reyn.org/
Wallingford School District,https://www.wallingford.k12.ct.us/
Twin Rivers Unified School District,http://www.twinriversusd.org/
West Bloomfield School District,http://wbsd.org/
Half Hollow Hills Central School District,http://www.halfhollowhills.k12.ny.us/
Temple City Unified School District,http://www.tcusd.net/
Kansas City Public Schools,http://kckps.org/
Jordan School District,http://jordandistrict.org/
Lafayette Parish Public Schools,http://www.lpssonline.com/site.php
Spring Branch Independent School District,https://cms.springbranchisd.com/district/
Flour Bluff Independent School District,http://www.flourbluffschools.net/
Brownsville Independent School District,http://www.bisd.us/
Blue Valley Unified School District (Overland Park),https://district.bluevalleyk12.org/Pages/Home.aspx
Yonkers City School District,http://www.yonkerspublicschools.org/
Carlsbad Unified School District,http://www.carlsbadusd.k12.ca.us/
Cambridge Public Schools,http://www.cpsd.us/
Evansville Vanderburgh School Corporation,http://www.edlinesites.net/pages/EVSC
Douglas County School District No. RE-1,https://www.dcsdk12.org/
Parkland School District,http://www.parklandsd.org/community/recreational-programs/
Coweta County Schools,http://www.cowetaschools.org/
Huntsville City Schools,http://www.huntsvillecityschools.org/
Lawrence Unified School District,http://www.usd497.org/
Wayne Township Public Schools,http://www.wayneschools.com/
North East Independent School District,http://www.neisd.net/
Queen Creek Unified School District,https://www.qcusd.org/
Farmingdale Union Free School District,https://www.farmingdaleschools.org/
Auburn School District,https://www.auburn.wednet.edu/
Saline Area Schools,https://www.salineschools.org/
Danbury School District,http://www.danbury.k12.ct.us/
Attleboro Public Schools,http://www.attleboroschools.com/
Northport-East Northport Union Free School District,http://northport.k12.ny.us/
Pendergast Elementary School District,http://www.pesd92.org
Richardson Independent School District,http://www.risd.org/
Lakeland Central School District,http://lakelandschools.org/
Chino Valley Unified School District,http://www.chino.k12.ca.us/
Public Schools of Brookline,http://www.brookline.k12.ma.us/
Johnston Community School District,https://www.johnston.k12.ia.us/
Council Rock School District,http://www.crsd.org/
Edmond Public Schools,http://edmondschools.net/
Paulding County Schools,http://www.paulding.k12.ga.us/
Bellmore-Merrick Central High School District,http://www.bellmore-merrick.k12.ny.us/
Palm Beach County School District,http://www.palmbeachschools.org/
West Orange Public Schools,http://www.woboe.org/
Mesa Unified School District,http://www.mpsaz.org/
Perkiomen Valley School District,http://www.pvsd.org/pages/Perkiomen_Valley_SD
Bridgeport School District,https://www.bridgeportedu.com/
Rocklin Unified School District,http://www.rocklinusd.org/
Commack Union Free School District,http://www.commack.k12.ny.us/
Richmond County Schools,http://www.rcboe.org/
Prince William County Public Schools,http://www.pwcs.edu/
Waltham Public Schools,https://www.walthampublicschools.org/
North Rockland Central School District,http://nrcsd.northrockland.org/
Smithtown Central School District,http://www.smithtown.k12.ny.us/
Scarsdale Union Free School District,http://www.scarsdaleschools.k12.ny.us/
Phoenix Union High School District,http://www.phoenixunion.org/
South Huntington Union Free School District,http://www.shufsd.org/
Eanes Independent School District,http://www.eanesisd.net/
Shaker Heights City School District,http://www.shaker.org/
Charles County Public Schools,http://www.ccboe.com/
Redlands Unified School District,http://www.redlands.k12.ca.us/
Spokane School District,http://www.spokaneschools.org/
Olathe Unified School District,http://www.olatheschools.com/
Colton Joint Unified School District,http://www.colton.k12.ca.us/education/components/scrapbook/default.php?sectionid=1
North Clackamas School District,http://www.nclack.k12.or.us/
Ball Chatham Community Unit School District No. 5,http://www.chathamschools.org/
Carroll County Public Schools,https://www.carrollk12.org/
Cranston Public Schools,http://www.cpsed.net/
Prince George&apos;s County Public Schools,http://www1.pgcps.org/
Magnolia Independent School District,http://www.magnoliaisd.org/
Arlington Independent School District,http://www.aisd.net/
San Luis Coastal Unified School District,http://www.slcusd.org/
Brea-Olinda Unified School District,http://www.bousd.k12.ca.us/
Marietta City Schools,http://www.marietta-city.org/
Ossining Union Free School District,https://ossiningufsd.org/
Guilford County Schools,http://www.gcsnc.com/pages/gcsnc
Somerville Public Schools,http://www.somerville.k12.ma.us/
Downey Unified School District,http://www.dusd.net/
Metro Nashville Public Schools,http://www.mnps.org/
Rutherford County Schools,http://www.rcs.k12.tn.us/education/components/layout/default.php?sectionid=1
Dearborn City School District,https://home.dearbornschools.org/
Plainview-Old Bethpage Central School District,http://www.pob.k12.ny.us/
Guilderland Central School District,http://www.guilderlandschools.org/
Humble Independent School District,http://www.humbleisd.net/
Zachary Community Public Schools,http://zacharyschools.org/
Grand Prairie Independent School District,http://www.gpisd.org/
Troy School District,http://www.troy.k12.mi.us/
Clovis Unified School District,http://www.cusd.com/
Fresno Unified School District,http://www.fresnounified.org/Pages/Default.aspx
Marion County Public Schools,http://www.marionk12.org/
Irving Independent School District,http://www.irvingisd.net/
Judson Independent School District,http://www.judsonisd.org/
Stillwater Public Schools,http://www.stillwaterschools.com/
Akron City School District,http://www.akronschools.com/
Miami-Dade County Public Schools,http://www.dadeschools.net/
Deer Valley Unified School District,http://www.dvusd.org/
Portage Public Schools,https://www.portageps.org/
Papillion-La Vista School District,http://www.plcschools.org/
Walnut Valley Unified School District,http://www.wvusd.k12.ca.us/
El Paso Independent School District,https://www.episd.org/
Duval County Public Schools,http://www.duvalschools.org/
Lexington Public Schools,http://lps.lexingtonma.org/
Atlanta Public Schools,http://www.atlanta.k12.ga.us/
Granite School District,http://www.graniteschools.org/
Lower Merion School District,https://www.lmsd.org/
Maryville City Schools,http://www.maryville-schools.org/
Poway Unified School District,http://www.powayusd.com/
Manteca Unified School District,http://mantecausd.net/
Portland Public Schools,http://www.pps.net/
Nixa Public Schools,http://www.nixapublicschools.net
Canyons School District,http://www.canyonsdistrict.org/
Andover Public Schools,http://www.aps1.net/
Fairfax County Public Schools,http://www.fcps.edu/index.shtml
St. Lucie Public Schools,http://www.stlucie.k12.fl.us/
Leon County Schools,http://www.leonschools.net/domain/20
Denver Public Schools,https://www.dpsk12.org/
Manhattan-Ogden Unified School District,http://www.usd383.org/manhattan-ogden
Palm Springs Unified School District,http://www.psusd.us/
North Andover Public Schools,http://www.northandoverpublicschools.com/
Howard County Public Schools,http://www.hcpss.org/
Arlington Public Schools,http://www.arlington.k12.ma.us/
Chesterfield County Public Schools,http://mychesterfieldschools.com/
White Plains City School District,http://www.whiteplainspublicschools.org/
West Windsor-Plainsboro Regional School District,http://www.ww-p.org/
Greece Central School District,https://www.greececsd.org/
Fontana Unified School District,http://www.fusd.net/
Greenwich School District,http://www.greenwichschools.org/
Alamance-Burlington Schools,http://www.abss.k12.nc.us/
Dallastown Area School District,http://www.dallastown.net/
Jefferson County School District No. R-1,http://www.jeffcopublicschools.org/
Manheim Township School District,https://www.mtwp.net/
Scottsdale Unified School District,https://concrete.susd.org/
Red Oak Independent School District,http://www.redoakisd.org/
Iowa City Community School District,http://www.iowacityschools.org/pages/ICCSD
Keller Independent School District,http://www.kellerisd.net/Pages/default.aspx
Spotsylvania County Public Schools,http://www.spotsylvania.k12.va.us/
Waxahachie Independent School District,http://www.wisd.org
Montclair Public Schools,http://www.montclair.k12.nj.us/WebPage.aspx?id=1
Vestavia Hills City Schools,http://www.vestavia.k12.al.us/
Indianapolis Public Schools,http://www.myips.org/
Paradise Valley Unified School District,http://www.pvschools.net/
Fort Mill School District,http://www.fortmillschools.org/
Glenbrook High Schools District 225,https://www.glenbrook225.org/
Central Bucks School District,http://cbsd.org/
Lewisville Independent School District,http://lisd.net/
Beaufort County School District,http://beaufort.k12.sc.us/
Cherry Creek School District,http://www.cherrycreekschools.org/Pages/default.aspx
Moreno Valley Unified School District,http://www.mvusd.net/
Westside Community Schools,http://westside66.org/
Abington School District,http://www.abington.k12.pa.us/
Enterprise City Schools,http://www.enterpriseschools.net/
United Independent School District,http://www.edlinesites.net/pages/UnitedISD
Oak Hills Local School District,http://ohlsd.us/
Montebello Unified School District,http://www.montebello.k12.ca.us/
Washoe County School District,http://www.washoeschools.net/
Glastonbury School District,http://www.glastonburyus.org/
Fullerton Joint Union High School District,http://www.fjuhsd.net/SignIn.aspx
Sachem Central School District,http://www.sachem.edu/
Comal Independent School District,http://www.comalisd.org
Polk County Public Schools,http://www.polk-fl.net/
Pittsford Central School District,http://www.pittsfordschools.org/
Garden Grove Unified School District,http://www.ggusd.us/
Chelsea Public Schools,https://www.chelseaschools.com/cps/
Wappingers Central School District,https://www.wappingersschools.org/
Seattle Public Schools,https://www.seattleschools.org/
Boulder Valley School District,http://www.bvsd.org/Pages/default.aspx
Norfolk City Public Schools,http://www.nps.k12.va.us/
Uniondale Union Free School District,http://district.uniondaleschools.org/
Hawaii Department of Education,http://www.hawaiipublicschools.org/
West Des Moines Community School District,http://www.wdmcs.org/
Hurst-Euless-Bedford Independent School District,http://www.hebisd.edu/
Davis Joint Unified School District,http://www.djusd.k12.ca.us/
Lufkin Independent School District,http://www.lufkinisd.org/
Northville Public Schools,http://www.northvilleschools.org/
Neshaminy School District,https://www.neshaminy.org
Madera Unified School District,http://www.madera.k12.ca.us/
Edison Township Public Schools,http://www.edison.k12.nj.us/
Temecula Valley Unified School District,http://www.tvusd.k12.ca.us/
Albuquerque Public Schools,http://www.aps.edu/
Greeley-Evans School District 6,http://www.greeleyschools.org/
Tucson Unified School District,http://tusd1.org/
Souderton Area School District,http://www.soudertonsd.org/
Community Unit School District No. 300,http://www.d300.org/
Lewis-Palmer Consolidated School District No. 38,http://www.lewispalmer.org/
Cherokee County Schools,http://www.cherokee.k12.ga.us/Pages/Welcome.aspx
San Jose Unified School District,http://sjusd.org/
Hayward Unified School District,http://www.husd.us/
Laredo Independent School District,http://www.laredoisd.org/
Lynn Public Schools,http://www.lynnschools.org/
Okaloosa County School District,http://www.okaloosaschools.com/
Lakota Local School District (Liberty Township),http://www.lakotaonline.com/
Hoover City Schools,http://www.hoovercityschools.net/
Nashua School District,http://www.nashua.edu/
Escambia County School District,http://ecsd-fl.schoolloop.com/
Salt Lake School District,http://www.slcschools.org/
Red Clay Consolidated School District,http://redclayschools.com
Spring-Ford Area School District,http://www.spring-ford.net/
Northside Independent School District (San Antonio),http://nisd.net/
West Chester Area School District,http://home.wcasd.net/pages/West_Chester_Area_SD
Lake County Schools,http://www.lake.k12.fl.us/
San Mateo Union High School District,http://www.smuhsd.org/
Rialto Unified School District,http://www.rialto.k12.ca.us/
West Haven School District,http://www.whschools.org/district
Weber School District,http://wsd.net/
Olympia School District,https://osd.wednet.edu/
Santa Ana Unified School District,http://www.sausd.us/
Greenville County School District,https://www.greenville.k12.sc.us/
Ridgefield School District,http://www.ridgefield.org/
Hemet Unified School District,http://www.hemetusd.org/
Worcester Public Schools,http://worcesterschools.org/
Orchard Park Central School District,http://www.opschools.org/
Lubbock Independent School District,http://www.lubbockisd.org/pages/Lubbock_ISD__TX
Woburn Public Schools,http://www.edline.net/pages/WPS
Berkeley Unified School District,http://www.berkeleyschools.net/
Hamilton Southeastern School District,http://www.hse.k12.in.us/ADM/home.aspx
Hempstead Union Free School District,https://www.hempsteadschools.org/
Loudoun County Public Schools,http://www.loudoun.k12.va.us/
Wellesley Public Schools,https://wellesleyps.org/
Shelby County Schools,http://www.shelbyed.k12.al.us/calendar/homepage.htm
Garnet Valley School District,http://www.garnetvalleyschools.com/
University Place School District,http://www.upsd.wednet.edu/
Hillsboro School District,http://www.hsd.k12.or.us/
Livingston Public Schools,http://www.livingston.org/
McAllen Independent School District,http://www.mcallenisd.org/
New Britain School District,http://www.csdnb.org/
Grapevine-Colleyville Independent School District,http://www.gcisd-k12.org/
Frisco Independent School District,http://www.friscoisd.org/
Gilbert Unified School District,http://www.gilbertschools.net/
Killeen Independent School District,https://www.killeenisd.org/frontPageV3/
Lexington County School District No. 1,http://www.lexington1.net/
Malden Public Schools,https://maldenps.org/
Pennridge School District,https://sites.google.com/a/pennridge.us/pennridge-school-district/
Higley Unified School District,https://www.husd.org
Pasco County School District,http://www.pasco.k12.fl.us/
Arlington Central School District,http://www.arlingtonschools.org/pages/arlington_schools
Bay District Schools,http://www.bay.k12.fl.us/
Chandler Unified District #80,http://www.cusd80.com/
Providence Public Schools,http://www.providenceschools.org/
Plano Independent School District,http://www.pisd.edu/
Sweetwater Union High School District,http://www.sweetwaterschools.org/
Palos Verdes Peninsula Unified School District,http://www.pvpusd.net/
San Juan Unified School District,http://www.sanjuan.edu/
Chesapeake Public Schools,http://www.cpschools.com/index.php
Williamson County Schools,http://www.wcs.edu/
North Allegheny School District,http://www.northallegheny.org/
New Rochelle City School District,http://www.nred.org/
Socorro Independent School District,http://www.sisd.net/
Alachua County Public Schools,http://www.edline.net/pages/ACPS
Cincinnati City School District,http://www.cps-k12.org/
Douglas County Schools,http://www.douglas.k12.ga.us/
San Antonio Independent School District,http://www.saisd.net/main/
Lake Oswego School District,http://www.edline.net/pages/Lake_Oswego_School_District
Menifee Union Elementary School District,http://www.menifeeusd.org/
Brownsburg Community School Corporation,http://www.brownsburg.k12.in.us/
Las Virgenes Unified School District,http://www.lvusd.org/
Calcasieu Parish Public Schools,http://www.cpsb.org/
Chatham County Schools,http://internet.savannah.chatham.k12.ga.us/default.aspx
Stafford County Public Schools,http://stafford.schoolfusion.us/
Parsippany-Troy Hills Township Schools,http://www.pthsd.k12.nj.us/
Poudre School District,https://www.psdschools.org/
Brentwood Union Free School District,http://www.brentwood.k12.ny.us/
Elkhorn Public Schools,http://www.elkhornweb.org/
Valparaiso Community Schools,http://www.valpo.k12.in.us/
Vail Unified School District,http://www.vailschooldistrict.org/
South Brunswick Public Schools,http://www.sbschools.org/
Jackson Public School District,http://www.jackson.k12.ms.us/
Fitchburg Public Schools,https://www.fitchburg.k12.ma.us/
Northwest Independent School District,http://www.nisdtx.org/
Highland Park Independent School District,http://www.hpisd.org/
Kimberly Area School District,http://www.kimberly.k12.wi.us/
